NUMBER_KEY,User_fld,ELEV_ZONE,BLDG_ZONE,ELEC_ZONE,MECH_ZONE,PLMB_ZONE,SIGN_ZONE,ENFC_ZONE
CB200042,093400  00623,2,16,13,8,7,5,5
E0718395,073040  00058,2,16,11,9,7,5,5
P0352903,D0210H A00021,1,11,4,2,5,9,9
E0686246,060174  00140,2,10,11,9,6,5,5
P0359688,012008  00012,2,1,6,4,3,7,7
E0726793,D0242E B00071,2,16,13,8,8,8,8
CZW200788,090002  00331,1,2,1,7,1,3,3
CB200157,022012  00011,1,2,6,4,3,7,7
B1106753,020037  00021,1,1,7,11,9,7,7
E0737011,036002  00019,1,1,7,11,9,7,7
M0757156,036002  00019,1,1,7,11,9,7,7
B1051737,036002  00019,1,1,7,11,9,7,7
M0755897,072068  00019,1,2,1,3,1,4,4
M0754595,M0115L B00035,1,2,2,7,2,3,3
E0732712,M0115L B00034,1,2,2,7,2,3,3
E0732712,M0115L B00034,1,2,2,7,2,3,3
E0650918,A0142V B00060,1,4,2,1,2,9,9
E0733185,D0215M E00022,1,11,9,6,5,1,1
E0737096,054009  00005,1,6,7,11,4,2,2
E0737043,045111  00036,2,6,15,5,9,2,2
M0746122,096919 B00057,1,15,4,2,5,1,1
M0758794,074102  00101,2,16,11,9,7,5,5
P0344789,027002  00048,1,2,6,4,3,7,7
M0744810,027002  00048,1,2,6,4,3,7,7
M0729847,002081  00010,2,1,6,4,3,7,7
M0741064,D0216G C00049,1,11,9,6,5,1,1
E0710548,084020  00045,1,5,1,3,1,3,3
P0360589,G0220J S00003,1,15,9,6,5,1,1
E0724178,002086 C00156C,2,1,6,4,3,7,7
M0737495,095317 A00004,1,5,4,2,5,1,1
M0758999,043068  00011,1,6,7,11,4,2,2
S0106825,,2,10,11,9,7,5,5
E0722527,033011  00099,1,6,7,11,9,2,2
E0737038,057009  00007,2,6,7,5,4,2,2
P0360513,G0220E B00016,1,17,9,6,8,1,1
P0360513,G0220E B00016,1,17,9,6,8,1,1
E0735426,036022  00022,1,1,7,11,9,7,7
B1110890,070076  00001,1,2,1,7,1,4,4
C04655018,060031  00023,2,10,15,10,6,7,7
P0357082,060017  00024,2,10,15,10,6,7,7
M0759272,014028  00044,2,10,15,10,6,7,7
E0731554,093417 J00038,2,16,13,8,7,5,5
M0749549,096621 B00048,1,4,4,2,2,9,9
M0727988,088030  00271,1,5,1,3,1,3,3
M0727989,088030  00271,1,5,1,3,1,3,3
B1051448,060176  00390,2,10,11,9,7,5,5
B1051448,060176  00390,2,10,11,9,7,5,5
P0356707,056035  00001,1,6,8,5,4,2,2
BC0015407,D0242   00461,2,16,13,8,8,8,8
E0731882,080021 E00076,1,15,8,5,4,1,1
M0728690,080021 E00076,1,15,8,5,4,1,1
E0700478,080008  00218,1,15,8,5,4,1,1
E0700478,080008  00218,1,15,8,5,4,1,1
M0735985,G0221   00133,1,17,9,6,8,1,1
P0359775,002110 A00020,2,1,6,4,3,7,7
E0737514,034019  00010,2,10,15,10,6,7,7
E0708416,044064  00011,1,6,7,11,4,2,2
B1116601,D0209S B00004,1,11,4,2,5,9,9
B1116601,D0209S B00004,1,11,4,2,5,9,9
E0736979,D0208E I00093,1,15,4,2,5,1,1
E0736979,D0208E I00093,1,15,4,2,5,1,1
M0678141,D0208E I00093,1,15,4,2,5,1,1
B1096413,D0208E I00093,1,15,4,2,5,1,1
BC0014789,089044  00235,1,15,8,11,4,1,1
BC0014789,089044  00235,1,15,8,11,4,1,1
BC0014789,089044  00235,1,15,8,11,4,1,1
BC0014789,089044  00235,1,15,8,11,4,1,1
P0351577,A0152G A00024,1,4,2,2,2,9,9
CSW0206665,038064  00039C,1,6,7,11,4,2,2
M0755043,021067  00002,1,2,7,3,9,7,7
CZW205391,043009  00066,1,5,7,3,9,2,2
E0737795,071057  00012,1,2,1,7,1,4,4
M0759283,089044  00219,1,5,4,3,1,1,1
CZW206965,063026  00025,1,6,8,11,4,2,2
CSW0206653,063007  00012,1,6,8,11,4,2,2
CZW206871,054016  00017C,1,6,8,11,4,2,2
CSW206854,054019  00001,1,6,7,11,4,2,2
CSW0206604,055001  00085,1,6,7,11,4,2,2
P0359247,056033  00065,1,6,8,5,4,2,2
CSW0206665,038064  00039C,1,6,7,11,4,2,2
CSW0206668,038064  00028,1,6,7,11,4,2,2
P0360641,044040  00011,1,6,7,11,4,2,2
BC0015494,033001  00003,1,6,7,11,9,2,2
BC0015494,033001  00003,1,6,7,11,9,2,2
BC0015494,033001  00003,1,6,7,11,9,2,2
BC0015494,033001  00003,1,6,7,11,9,2,2
E0737764,058087  00043,2,16,15,5,7,2,2
C2010473,020039  00010,1,1,7,11,9,7,7
P0361157,070042  00062,1,2,1,7,1,4,4
E0737039,045111  00036,2,6,15,5,9,2,2
CSW206874,038065  00014,1,6,7,11,4,2,2
P0345085,058066  00027,2,6,8,5,4,2,2
E0736976,D0255F H00102,2,16,13,8,8,8,8
C2010574,031027  00041,2,10,15,5,9,7,7
P0337765,080001  00043,1,15,8,11,4,1,1
B1102027,057001  00003,1,6,7,11,4,2,2
E0720162,091111  00010,1,15,9,6,5,1,1
M0747597,091108  00015,1,15,9,6,5,1,1
M0747597,091108  00015,1,15,9,6,5,1,1
C04659516,040038  00022,1,1,7,11,9,7,7
C04224968,085026  00028,1,5,1,3,1,3,3
E0737037,043056  00015,1,6,7,11,4,2,2
E0727078,001078  00009C,1,1,6,4,3,7,7
M0750440,035048  00010,2,10,10,10,6,7,7
CZW4685780,093106 D00084,2,17,13,8,7,5,5
CZW4685784,093106 D00084,2,17,13,8,7,5,5
B1108647,081092  00014,2,16,13,8,8,8,8
B1108647,081092  00014,2,16,13,8,8,8,8
E0733196,091113  00125,1,15,9,6,5,1,1
E0733195,091113  00125,1,15,9,6,5,1,1
E0733194,091113  00125,1,15,9,6,5,1,1
B1115690,091113  00125,1,15,9,6,5,1,1
CZW194877,013014  00007,2,10,10,10,6,7,7
CZW206974,063072  00019,1,6,8,11,4,2,2
B1116970,G0232   00474,2,17,9,6,8,8,8
M0730028,007036  00001,2,1,6,4,3,7,7
M0757564,M0115L B00013,1,2,2,7,2,3,3
E0729336,A0142H B00001,1,4,2,1,2,9,9
E0732713,M0115L B00041,1,2,2,7,1,3,3
E0732713,M0115L B00041,1,2,2,7,1,3,3
E0650930,A0142W G00005,1,4,2,1,2,9,9
E0650930,A0142W G00005,1,4,2,1,2,9,9
M0720961,A0142W G00005,1,4,2,1,2,9,9
P0358770,005028  00006,2,1,6,4,3,7,7
E0732714,M0115L B00013,1,2,2,7,2,3,3
M0730028,007036  00001,2,1,6,4,3,7,7
M0739512,D0140   00316,1,4,2,1,2,9,9
P0358177,D0215M E00016,1,11,9,6,5,1,1
M0750871,D0140   00321,1,4,2,1,2,9,9
E0716947,D0148   00475C,1,5,2,7,1,3,3
E0716944,D0148   00475C,1,5,2,7,1,3,3
M0746129,G0232X C00014,1,17,9,6,8,1,1
M0744491,M0115L B00037,1,2,2,7,2,3,3
M0731187,G0230Q L00051,2,17,13,8,7,8,8
M0727989,088030  00271,1,5,1,3,1,3,3
CZW189624,D0147B G00048,1,5,2,3,1,3,3
CP200045,088072  00010,1,6,8,11,4,2,2
E0707323,089044  00271,1,5,4,3,1,1,1
P0360411,A0142W G00004,1,4,2,1,2,9,9
P0360411,A0142W G00004,1,4,2,1,2,9,9
P0360411,A0142W G00004,1,4,2,1,2,9,9
E0708725,075002  00022,2,10,10,10,6,10,10
P0360619,M0115L B00013,1,2,2,7,2,3,3
E0732714,M0115L B00013,1,2,2,7,2,3,3
B1116603,A0142J I00031,1,4,2,1,2,9,9
E0732715,M0115L B00014,1,2,2,7,2,3,3
E0732715,M0115L B00014,1,2,2,7,2,3,3
P0360593,M0115L B00014,1,2,2,7,2,3,3
M0756127,M0115L B00014,1,2,2,7,2,3,3
M0755974,050043  00004,2,10,10,10,6,7,7
M0743468,A0141G B00021,1,4,2,1,2,9,9
E0600834,A0141G B00001,1,4,2,1,2,9,9
P0335721,005015  00008C,2,1,6,4,3,7,7
E0724016,090078  00007,1,2,1,7,1,3,3
E0726364,090078  00007,1,2,1,7,1,3,3
E0737754,G0221D H00010,2,1,6,4,3,7,7
P0353999,G0221D H00010,2,1,6,4,3,7,7
E0685188,017073  00022,2,1,7,11,9,7,7
B1102954,017073  00022,2,1,7,11,9,7,7
M0747204,089014  00205,1,15,8,11,4,1,1
P0337732,002099  00002C,2,1,6,4,3,7,7
M0740972,055004  00013,1,6,7,11,4,2,2
M0720975,092007  00073,1,4,4,2,2,9,9
SC006148,073001  00033,2,10,11,9,7,5,5
E0712085,092007  00069,1,4,4,2,2,9,9
P0358530,081026 A00192,2,17,9,6,7,1,1
C2010499,052009  00005,1,6,7,11,9,2,2
P0358655,096500  00669,1,5,4,2,5,9,9
B1087932,A0141G B00021,1,4,2,1,2,9,9
B1109833,L0159   00587,1,4,4,2,2,9,9
M0643025,023022  00020C,2,1,6,4,3,7,7
B1116934,094300  00601C,2,16,13,8,7,5,5
M0592417,D0208   00630C,1,15,4,2,5,1,1
P0334995,D0207  J00027,1,5,4,2,5,1,1
P0357834,A0142V B00006,1,4,2,1,2,9,9
E0687216,G0232  C00011,1,17,9,6,8,8,8
E0735576,072019  00008,1,2,1,7,1,4,4
E0705218,M0115R A00005,1,2,2,7,1,3,3
E0735885,D0125   00075,1,2,1,7,1,3,3
P0361572,073030  00020,2,16,11,9,7,5,5
B1118234,012009  00010,2,10,6,10,6,7,7
P0355357,080008  00412,1,15,8,5,4,1,1
E0724382,065045  00001C,2,6,8,5,4,2,2
E0724382,065045  00001C,2,6,8,5,4,2,2
B1108031,072088  00040,1,2,1,7,1,4,4
BC0015203,050127  00003,2,10,10,10,6,10,10
P0336580,015001  00073,2,1,6,4,3,7,7
P0361806,031072  00014,2,10,15,5,9,7,7
E0727737,064018  00029,1,6,8,11,4,2,2
E0735738,071058  00023,1,2,1,7,1,4,4
B1109301,027005  00027,1,2,6,4,3,7,7
M0759133,M0115R A00005,1,2,2,7,1,3,3
P0355251,M0126   00324,1,2,2,7,1,3,3
M0741062,D0223M A00031,1,11,9,6,5,1,8
P0359044,022006  00023,1,1,6,4,3,7,7
P0359047,022006  00023,1,1,6,4,3,7,7
P0350104,G0232I D00013,1,17,13,8,8,8,8
P0351543,A0142   00544C,1,4,2,1,2,9,9
E0717941,L0151T A00006,1,4,2,1,2,9,9
E0723052,A0152   00306,1,4,2,1,2,9,9
M0724682,D0223M A00004,1,11,9,6,5,1,8
B1052260,G0231U B00122,1,17,9,6,8,1,1
P0361799,M0115   00197,1,2,2,7,1,3,3
E0736976,D0255F H00102,2,16,13,8,8,8,8
C2010593,035010  00020,2,10,10,10,6,7,7
E0732256,082019  00001,2,10,10,10,6,10,10
P0357145,082019  00001,2,10,10,10,6,10,10
M0649373,082019  00001,2,10,10,10,6,10,10
M0649373,082019  00001,2,10,10,10,6,10,10
P0330989,M0125   00196,1,2,1,7,1,3,3
P0361395,056008  00145,1,6,8,5,4,2,2
E0737382,079161  00001,2,10,10,10,6,10,10
B1116857,045125  00039,2,6,7,5,4,2,2
E0735958,060048  00016,2,10,15,5,6,7,7
M0751952,058005  00058,2,6,8,5,4,2,2
M0748388,081021  00048,2,17,9,6,7,1,1
E0730232,026056  00058,2,10,15,5,9,7,7
E0730233,026056  00059,2,10,15,5,9,7,7
C04624202,060107  00021,2,10,15,5,6,7,7
C04540432,027013  00022,1,1,6,4,3,7,7
M0759308,027018  00026,1,1,6,4,3,7,7
B1104261,044114 A00066,1,6,7,5,4,2,2
M0757083,036037  00032,1,1,7,11,9,7,7
M0753078,070062  00017,1,2,1,7,1,4,4
P0361598,066018  00011,2,16,8,5,7,2,2
M0742791,069004  00115,1,2,1,7,1,4,4
M0757101,014023  00101,2,10,6,10,6,7,7
C2010600,044041 A00060,1,6,7,11,4,2,2
M0755778,060093  00019,2,10,15,5,6,7,7
E0737516,042006  00034,1,5,7,3,9,2,2
E0734581,096923 E00039,1,15,4,2,5,1,1
M0746289,037028  00030,1,6,7,11,9,2,2
M0752799,068077  00009,1,15,8,11,4,1,1
M0648157,078043  00005,2,10,10,10,6,10,10
M0755124,070058  00068,1,2,1,7,1,4,4
P0360933,076127 A00002,2,10,10,10,6,10,10
C2010594,035010  00021,2,10,10,10,6,7,7
M0757572,091025  00001,1,15,4,2,5,1,1
C2010595,035010  00022,2,10,10,10,6,7,7
E0717942,080008 C00168,1,15,9,6,5,1,1
E0707588,050073  00012,2,10,10,10,6,7,7
M0754309,002042  00020,2,1,6,4,3,7,7
M0757159,014028  00007,2,10,15,10,6,7,7
P0355212,055002  00002,1,6,7,11,4,2,2
M0592471,G0221   00255,1,17,9,6,8,1,1
B1051402,045010  00012,2,6,7,11,9,2,2
P0354370,G0219F J00011,1,15,9,6,5,1,1
M0699984,G0219F J00011,1,15,9,6,5,1,1
C04778174,071031  00010,1,2,1,7,1,4,4
E0724800,D0216   00281,1,11,9,6,5,1,1
C2010590,D0134  E00048,1,2,1,7,1,4,4
B1114693,036092  00030,1,6,7,11,9,2,2
M0723408,059008  00039,2,6,15,5,9,2,2
M0758424,030009  00001,2,1,7,11,9,7,7
M0758424,030009  00001,2,1,7,11,9,7,7
P0346397,017060  00005,2,1,7,11,9,7,7
E0734292,D0137  H00051,1,2,1,7,1,3,3
E0691269,033041  00017,1,6,7,11,9,2,2
BC0015585,088032  00119C,1,5,1,3,1,3,3
BC0015585,088032  00119C,1,5,1,3,1,3,3
P0357299,044072  00016,1,6,7,11,4,2,2
B1099347,D0148   00475C,1,5,2,7,1,3,3
B1050409,G0219B G00063,2,17,9,6,7,1,1
B1099346,D0148   00475C,1,5,2,7,1,3,3
E0733399,025008  00005,2,1,6,4,3,7,7
E0728303,D0137X D00038,1,2,1,7,1,3,3
P0357061,G0220C L00013C,1,17,9,6,8,1,1
E0706078,094200  00439,2,16,11,9,7,5,5
M0725128,094200  00439,2,16,11,9,7,5,5
E0732232,093418 B00181,2,16,11,9,7,5,5
P0358035,014008 B00022,2,10,6,10,6,7,7
M0732955,091011  00005C,1,11,4,2,5,1,1
M0732955,091011  00005C,1,11,4,2,5,1,1
B1118012,D0129M A00018,1,4,2,1,2,9,9
M0751127,A0141C F00021,1,4,2,1,2,9,9
M0757495,072097  00038,1,2,1,3,1,4,4
E0734534,015008  00003,2,1,7,11,9,7,7
E0730265,074086  00020,2,16,11,9,7,5,5
E0730147,G0231D A00115,2,17,9,6,8,8,8
M0752251,G0231D A00115,2,17,9,6,8,8,8
B1051601,G0231Q B00061,1,17,9,6,8,1,1
M0759180,D0116  A00079,1,4,2,7,2,3,3
M0726985,056004  00016,1,6,8,5,4,2,2
B1116691,G0231K D00018,1,17,9,6,8,8,8
P0357941,G0231X B00027,1,17,9,6,8,1,1
B1116905,020019  00001C,1,1,7,11,9,7,7
M0737494,096512 A00028,1,11,4,2,5,9,9
P0356904,057024  00040,1,6,8,5,4,2,2
P0358562,M0115   00522,1,2,2,7,1,3,3
CZW194766,060123  00054,2,10,15,5,6,7,7
E0726796,081073  00072,2,17,13,8,7,8,8
B1113632,G0230Q E00017,2,17,9,6,7,1,1
C04601282,059074  00003,2,6,15,5,9,2,2
E0737817,046016  00022,2,6,8,5,4,2,2
P0360976,081076  00017,2,17,13,8,7,8,8
E0733412,093418 B00181,2,16,11,9,7,5,5
E0737793,096500  00293,1,5,4,2,5,9,9
P0359847,G0231R C00004,1,17,9,6,8,8,8
CZW205299,D0255G E00039,2,16,13,8,7,8,8
M0745006,082010  00034,2,10,10,10,6,10,10
M0748934,079037  00006,2,10,11,9,6,5,5
P0355743,G0231L D00033,1,17,9,6,8,8,8
C04787758,058102  00075C,2,16,15,5,7,2,2
E0733459,058094  00028,2,16,15,5,7,2,2
E0733492,058094  00028,2,16,15,5,7,2,2
E0733493,058094  00028,2,16,15,5,7,2,2
E0735915,092007  00073,1,4,4,2,2,9,9
E0733491,058094  00028,2,16,15,5,7,2,2
E0733489,058094  00028,2,16,15,5,7,2,2
C04597452,084010  00116,1,2,1,3,1,3,3
C1910249,043051  00017C,1,5,1,3,1,2,2
P0360785,040029  00013,1,2,7,3,9,7,7
CB200084,014010  00001,2,10,6,10,6,7,7
C2010323,076035  00068,2,10,10,10,6,10,10
P0346501,078001  00014,2,10,10,10,6,10,10
C04766412,022002  00002,1,2,6,4,3,7,7
S0108882,020036  00015,1,1,7,11,9,7,7
E0731555,029048  00017,2,10,15,5,9,7,7
P0359414,056034  00041,1,6,8,5,4,2,2
C04758376,077001  00020,2,10,10,10,6,10,10
C2010129,086003  00003,1,2,1,3,1,3,3
C2010540,073001  00033,2,10,11,9,7,5,5
C2010550,079032  00055,2,10,11,9,6,5,5
CZW172148,077023  00023,2,10,10,10,6,10,10
C2010129,086003  00003,1,2,1,3,1,3,3
S0108981,002128  00038,2,1,6,4,3,7,7
SC005952,077025  00005,2,10,10,10,6,10,10
CB200145,011004  00013,2,1,6,4,3,7,7
S0107347,002099  00002C,2,1,6,4,3,7,7
S0107348,002099  00002C,2,1,6,4,3,7,7
S0107346,002099  00002C,2,1,6,4,3,7,7
E0694142,002099  00002C,2,1,6,4,3,7,7
M0732252,M0115L B00035,1,2,2,7,2,3,3
P0350221,A0142   00844,1,4,2,1,2,9,9
C04737428,086004  00003,1,2,1,3,1,3,3
C04131796,021102  00020,1,1,7,11,9,7,7
P0360247,056055 A00044,1,15,8,5,4,1,1
SC005523,050123  00024,2,10,10,10,6,10,10
M0732251,M0115L B00034,1,2,2,7,2,3,3
CB200060,053103  00026,1,5,1,3,1,2,2
M0742690,G0232N B00049,1,17,9,6,8,8,8
M0742690,G0232N B00049,1,17,9,6,8,8,8
P0358328,096500  00696,1,5,4,2,5,9,9
C2010504,027003  00014,1,2,6,4,3,7,7
C2010092,060211  00020,2,10,11,9,7,5,5
CZW195885,079097  00060,2,10,11,9,6,5,5
C2010316,079041 A00002C,2,10,11,9,6,5,5
CZW171617,082044  00011,2,10,10,10,6,10,10
SC005800,069036  00001,1,2,1,7,1,4,4
E0660569,001095  00002Z,1,1,6,4,3,7,7
C04707416,062032  00003,1,5,1,3,1,3,3
SC005727,037001  00007,1,6,7,11,9,2,2
C2010499,052009  00005,1,6,7,11,9,2,2
SC005799,069031  00006,1,2,1,7,1,4,4
SC005798,069032  00001C,1,2,1,7,1,4,4
C2010537,079014  00002,2,10,11,9,6,5,5
SC005795,072119  00021,1,5,1,3,1,4,4
CZW200067,D0148  I00019,1,5,2,7,1,3,3
CB200188,081024  00040,2,17,9,6,7,1,1
C04614424,077024  00073C,2,10,10,10,6,10,10
SC005991,060231  00023C,2,10,11,9,7,5,5
C2010350,079061  00001,2,10,10,10,6,10,10
CE2000037,077024  00090,2,10,10,10,6,10,10
B1113169,079042  00033C,2,10,11,9,6,5,5
SC006162,079042  00010C,2,10,11,9,6,5,5
CSW178375,073008  00016,2,16,11,9,7,5,5
CZW201291,060193  00023,2,10,11,9,7,5,5
E0723920,058116  00012,2,16,15,5,7,2,2
SC006152,038049  00007,1,6,7,11,4,2,2
C2010506,039046  00018C,1,2,6,4,3,7,7
CZW164192,D0255N I00037,2,16,13,8,7,5,5
C1910875,065017  00030,2,6,8,5,4,2,2
C1910875,065017  00030,2,6,8,5,4,2,2
SC006152,038049  00007,1,6,7,11,4,2,2
C1910622,038026  00009,1,6,7,11,4,2,2
C1910622,038026  00009,1,6,7,11,4,2,2
CZW168484,D0256J A00008,2,16,13,8,8,8,8
CZW164192,D0255N I00037,2,16,13,8,7,5,5
04707100,031089  00003,2,10,15,5,9,7,7
CZW168484,D0256J A00008,2,16,13,8,8,8,8
C2010330,D0213R C00060,1,15,4,2,5,1,1
C1910641,065006  00016,2,6,8,5,4,2,2
C1910641,065006  00016,2,6,8,5,4,2,2
CZW195050,D0147P C00021,1,5,2,7,1,3,3
CZW192442,D0147P C00021,1,5,2,7,1,3,3
SC006138,093417 K00016,2,16,11,9,7,5,5
C2010330,D0213R C00060,1,15,4,2,5,1,1
C1910966,096503 A00071,1,15,4,2,5,1,1
04707100,031089  00003,2,10,15,5,9,7,7
C1910877,071011  00008,1,2,1,7,1,4,4
C1910877,071011  00008,1,2,1,7,1,4,4
C1910966,096503 A00071,1,15,4,2,5,1,1
CZW195050,D0147P C00021,1,5,2,7,1,3,3
CZW179797,042027  00001,1,5,7,3,9,2,2
C2010186,015010  00001,2,1,6,4,3,7,7
CZW192442,D0147P C00021,1,5,2,7,1,3,3
SC006116,074001  00249,2,16,11,9,7,5,5
SC006116,074001  00249,2,16,11,9,7,5,5
CZW200861,D0213P C00019,1,15,4,2,5,1,1
M0746708,002098  00010,2,1,6,4,3,7,7
M0746732,002098  00010,2,1,6,4,3,7,7
SC006019,059057  00056,2,6,15,5,9,2,2
M0746733,002098  00010,2,1,6,4,3,7,7
SC006019,059057  00056,2,6,15,5,9,2,2
C04671076,074013  00004,2,16,11,9,7,5,5
C04671076,074013  00004,2,16,11,9,7,5,5
M0746710,002098  00010,2,1,6,4,3,7,7
CZW201702,074066  00070,2,16,11,9,7,5,5
M0746711,002098  00010,2,1,6,4,3,7,7
P0351865,002098  00010,2,1,6,4,3,7,7
M0746735,002098  00010,2,1,6,4,3,7,7
M0746709,002098  00010,2,1,6,4,3,7,7
M0746734,002098  00010,2,1,6,4,3,7,7
CZW179797,042027  00001,1,5,7,3,9,2,2
SC005820,073040  00024C,2,16,11,9,7,5,5
C2010393,073077  00001,2,16,11,9,7,5,5
SC006166,075147  00012,2,10,10,10,6,10,10
SC006166,075147  00012,2,10,10,10,6,10,10
C1710087,077068  00011C,2,10,10,10,6,10,10
C2010186,015010  00001,2,1,6,4,3,7,7
C1911221,093504 A00051,2,16,13,8,7,8,8
C1911221,093504 A00051,2,16,13,8,7,8,8
CZW201702,074066  00070,2,16,11,9,7,5,5
C1910249,043051  00017C,1,5,1,3,1,2,2
C2010393,073077  00001,2,16,11,9,7,5,5
C1710087,077068  00011C,2,10,10,10,6,10,10
C2010508,085006  00030,1,2,1,3,1,3,3
C2010408,D0134  O00043,1,2,1,7,1,4,4
C2010408,D0134  O00043,1,2,1,7,1,4,4
C1910461,060076  00035,2,10,15,10,6,7,7
C1910332,060076  00035,2,10,15,10,6,7,7
C1910461,060076  00035,2,10,15,10,6,7,7
C2010558,082062  00208,2,10,10,10,6,10,10
C1910249,043051  00017C,1,5,1,3,1,2,2
C04748666,063056  00006,1,6,8,11,4,2,2
SC005861,089022  00006,1,15,4,2,5,1,1
SC005825,073041  00109,2,16,11,9,7,5,5
CB200171,041020  00138,1,2,7,3,9,7,7
SC005873,089022  00006,1,15,4,2,5,1,1
CB200179,096516 H00039,1,11,4,2,5,9,9
C1910381,049009  00039,2,10,15,10,6,7,7
C1910382,049010  00017,2,10,15,10,6,7,7
CB200160,020033  00018,1,1,7,11,9,7,7
CB200089,063007  00011,1,6,8,11,4,2,2
C1910507,049061  00024,2,10,15,10,6,7,7
SC005894,073031  00014,2,16,11,9,7,5,5
C1910376,059019  00003,2,10,15,5,7,2,2
C1910500,031070  00003C,2,10,15,5,9,7,7
C1910508,049061  00024,2,10,15,10,6,7,7
C1910511,034027  00011,2,10,15,10,6,7,7
C1910445,059019  00008,2,10,15,5,7,2,2
C1910375,047073  00039,2,6,15,5,9,2,2
C1910374,047061  00041,2,6,15,5,9,2,2
C1910373,047059  00001,2,6,15,5,9,2,2
C1910372,047020  00001C,2,10,15,5,9,7,7
C1910444,031047  00006,2,10,7,5,9,7,7
C1910499,031060  00018,2,10,7,5,9,7,7
C1910509,049066  00025,2,10,15,10,6,7,7
SC005821,001129  00003,1,1,6,4,3,7,7
E0736993,052048  00015,1,6,7,11,9,2,2
E0733398,043037  00015,1,5,7,3,9,2,2
M0757569,083021 A00047,1,5,1,3,1,3,3
C04696866,040042  00137,1,2,7,3,9,7,7
M0750219,017050  00001,2,1,7,11,9,7,7
M0758098,082022  00031,2,10,10,10,6,10,10
P0360665,031082  00058,2,10,15,5,9,7,7
CZW208864,065050  00024C,2,6,8,5,4,2,2
M0744673,072004  00032,1,2,1,7,1,4,4
E0717940,074090 A00001,2,17,13,8,7,5,5
M0739647,045101  00038,2,6,7,5,9,2,2
M0753531,062042  00021,1,5,1,3,1,2,2
M0753531,062042  00021,1,5,1,3,1,2,2
P0361599,065005  00099,2,16,8,5,7,2,2
M0757569,083021 A00047,1,5,1,3,1,3,3
E0737390,C0258   00170,2,17,13,8,8,8,8
P0361646,D0134  F00001,1,2,1,7,1,4,4
E0733841,031073  00052,2,10,15,5,9,7,7
E0712716,D0222   00098,1,11,9,6,5,1,1
B1050449,044102  00012,1,6,7,11,4,2,2
B1102488,017042  00021,2,1,7,11,9,7,7
B1115401,002057  00009,2,1,6,4,3,7,7
M0744454,D0117   00297,1,4,2,1,2,9,9
CZW211367,043028  00001C,1,5,7,3,9,2,2
E0688156,058079  00061,2,16,15,5,7,2,2
C04602776,059050  00019,2,10,15,5,7,2,2
M0757693,041029  00066,1,1,7,11,9,7,7
M0759309,058017  00031,2,16,15,5,7,2,2
P0361546,056055  00007,1,15,8,5,4,1,1
M0753183,077022  00005,2,10,10,10,6,10,10
E0734080,D0213Q D00064,1,15,4,2,5,1,1
M0758351,D0213Q D00064,1,15,4,2,5,1,1
C2010601,070031  00010,1,2,1,7,1,4,4
P0344812,058094  00028,2,16,15,5,7,2,2
E0733464,058094  00028,2,16,15,5,7,2,2
M0755045,069056  00023,1,2,1,7,1,4,4
E0733462,058094  00028,2,16,15,5,7,2,2
B1118349,044055  00026,2,6,7,5,4,2,2
E0731314,D0242E D00010,2,16,13,8,8,8,8
P0361650,095424 D00027,1,5,4,2,2,9,9
BC0015626,D0104   00102,1,2,1,7,1,4,4
BC0015626,D0104   00102,1,2,1,7,1,4,4
M0739079,060033  00003,2,10,15,10,6,7,7
E0733463,058094  00028,2,16,15,5,7,2,2
CZW195067,059016  00165,2,10,15,5,7,2,2
P0351589,029104  00001,2,6,15,5,9,2,2
S0106861,047021  00018,2,10,15,5,9,7,7
S0106860,047021  00018,2,10,15,5,9,7,7
E0723501,047021  00018,2,10,15,5,9,7,7
P0358486,047021  00018,2,10,15,5,9,7,7
M0752426,047021  00018,2,10,15,5,9,7,7
E0732007,021046  00026,1,2,6,4,3,7,7
CZW205611,086034  00016,1,2,1,3,1,3,3
M0758857,059017  00019,2,10,15,5,7,2,2
E0718154,066079  00033,2,16,8,5,7,2,2
B1113997,024030  00016,2,10,10,10,6,7,7
E0718029,036042  00002,1,1,7,11,9,7,7
M0749533,066079  00033,2,16,8,5,7,2,2
E0708235,065063  00002,2,16,8,5,7,2,2
CB200240,065063  00002,2,16,8,5,7,2,2
M0690017,D0256   00272,2,16,13,8,8,8,8
C04183052,081079 B00025,2,17,9,6,8,8,8
CZW204193,090058  00237,1,2,1,3,1,3,3
E0718168,060176 B00044,2,10,11,9,7,5,5
E0723479,074102  00101,2,16,11,9,7,5,5
E0733461,058094  00028,2,16,15,5,7,2,2
E0722067,093504 A00112,2,16,13,8,7,8,8
C04646534,045022  00043,2,6,15,5,9,2,2
BC0015249,074072  00024,2,16,11,9,7,5,5
B1051943,093508 L00048,2,16,13,8,7,8,8
E0720605,042033  00034,1,5,7,3,9,2,2
E0724572,078046  00024,2,10,11,9,6,5,5
CZW210137,025042  00009,2,10,15,10,6,7,7
M0759271,017052  00023C,2,1,7,11,9,7,7
E0728774,069014  00005,1,2,1,7,1,4,4
E0737164,027016  00001,1,1,6,4,3,7,7
E0737164,027016  00001,1,1,6,4,3,7,7
M0748098,G0231H L00009,2,17,9,6,8,8,8
E0628419,002010  00005,2,1,6,4,3,7,7
E0737740,070013  00012,1,2,1,7,1,4,4
E0737740,070013  00012,1,2,1,7,1,4,4
E0737779,016042  00043,2,1,7,11,9,7,7
P0361600,093205 D00019,2,17,13,8,7,5,5
C04700390,036024  00003,1,1,7,11,9,7,7
M0749554,060176 B00044,2,10,11,9,7,5,5
E0737004,040030  00020,1,2,7,3,9,7,7
E0737165,027016  00002,1,1,6,4,3,7,7
E0736817,074090 A00001,2,17,13,8,7,5,5
E0731395,047027  00026,2,10,15,5,9,7,7
E0736992,060176 B00024,2,10,11,9,7,5,5
B1108483,089014  00008,1,15,8,11,4,1,1
M0702016,070013  00013,1,2,1,7,1,4,4
E0737165,027016  00002,1,1,6,4,3,7,7
B1118479,079087  00038,2,10,11,9,6,5,5
M0751808,072125  00035,1,2,1,3,1,4,4
B1102488,017042  00021,2,1,7,11,9,7,7
E0727713,A0141C D00039,1,4,2,1,2,9,9
M0751797,059087  00041,2,6,15,5,9,2,2
M0737487,063054  00014,1,6,8,11,4,2,2
E0730364,059087  00041,2,6,15,5,9,2,2
B1116598,065041  00028,2,6,8,5,4,2,2
M0747001,A0141C D00039,1,4,2,1,2,9,9
M0757100,075173  00028,2,10,10,10,6,10,10
M0752828,079105  00008,2,10,10,10,6,10,10
P0358486,047021  00018,2,10,15,5,9,7,7
E0736365,001124  00021,1,1,6,4,3,7,7
M0759310,031104  00002,2,10,15,5,9,7,7
P0346506,078001  00014,2,10,10,10,6,10,10
B1114610,091027  00008,1,15,9,6,5,1,1
CZW210990,D0147O C00066,1,5,2,7,1,3,3
B1109674,016058  00020,2,1,7,11,9,7,7
E0710545,L0159H N00030,1,4,4,2,2,9,9
E0737291,G0220D B00069,1,17,9,6,8,1,1
M0739079,060033  00003,2,10,15,10,6,7,7
CZW210209,044033  00056,1,6,7,11,9,2,2
E0736365,001124  00021,1,1,6,4,3,7,7
E0736365,001124  00021,1,1,6,4,3,7,7
M0751563,041034  00127,1,1,7,11,9,7,7
E0737095,035017  00002,2,10,10,10,6,7,7
CSW208862,067001  00058,2,6,8,5,4,2,2
C2010606,061038  00019C,2,6,15,5,9,2,2
M0710301,G0231H C00005,2,17,9,6,8,8,8
E0735538,091134  00006,1,15,9,6,5,1,1
M0755085,091134  00006,1,15,9,6,5,1,1
M0748001,G0219P A00073,1,15,9,6,5,1,1
E0727745,020091  00002C,1,1,6,4,3,7,7
E0720170,070016  00001C,1,2,1,7,1,4,4
E0737677,055054  00013,1,6,8,11,4,2,2
CZW193610,D0214   00479,1,15,4,2,5,1,1
P0360937,074056  00023,2,16,11,9,7,5,5
M0739326,064012  00009,1,6,8,11,4,2,2
P0358034,093510 Y00027,2,16,13,8,7,8,8
M0751564,041034  00127,1,1,7,11,9,7,7
E0708497,069004  00115,1,2,1,7,1,4,4
M0748861,059032  00030,2,10,15,5,7,2,2
S0108102,018060  00003C,2,1,6,4,3,7,7
S0108101,018060  00003C,2,1,6,4,3,7,7
S0108100,018060  00003C,2,1,6,4,3,7,7
E0736005,L0150K C00009,1,4,2,1,2,9,9
E0668328,023002  00008C,2,1,6,4,3,7,7
E0735997,D0134  O00005,1,2,1,7,1,4,4
E0736656,079142  00027,2,10,11,9,6,5,5
M0757559,052037  00027,1,6,7,11,9,2,2
M0757559,052037  00027,1,6,7,11,9,2,2
M0759200,066037  00007,2,16,8,5,7,2,2
C2010356,045076  00030,2,6,15,5,9,2,2
E0727391,054024  00007,1,6,8,11,4,2,2
M0751165,054024  00007,1,6,8,11,4,2,2
M0742829,087035  00013,1,5,2,3,1,3,3
M0746159,L0159H N00030,1,4,4,2,2,9,9
E0718163,020072  00008,1,1,7,11,9,7,7
M0749548,020072  00008,1,1,7,11,9,7,7
E0724092,080023 P00015,1,15,8,5,4,1,1
M0737486,054017  00005,1,6,7,11,4,2,2
E0737806,084013  00020,1,5,1,3,1,3,3
E0735706,079004  00019,2,10,10,10,6,10,10
E0735706,079004  00019,2,10,10,10,6,10,10
C2010599,079088  00036,2,10,11,9,6,5,5
E0730766,095323 D00017C,1,5,4,2,2,3,3
E0698671,073088  00203C,2,10,11,9,7,5,5
E0683614,033005  00042Z,1,6,7,11,9,2,2
E0683613,033005  00042Z,1,6,7,11,9,2,2
B1101827,L0151   00177,1,4,2,1,2,9,9
E0691401,092012  00036,1,5,4,2,5,1,1
CB200224,043039  00002,1,5,7,3,9,2,2
B1117378,064018  00029,1,6,8,11,4,2,2
M0732254,057010  00047,2,6,8,5,4,2,2
M0759197,049023  00002,2,10,10,10,6,7,7
E0737397,076092  00018,2,10,10,10,6,10,10
M0757593,076092  00018,2,10,10,10,6,10,10
E0737388,042042  00022,1,6,7,11,9,2,2
P0359673,M0125G B00009,1,2,1,7,1,3,3
M0732248,M0115L B00011,1,2,2,7,2,3,3
M0741060,D0223I A00030,1,17,9,6,5,1,8
M0732230,D0223I A00005,1,17,9,6,5,1,8
M0747341,L0151T A00007,1,4,2,1,2,9,9
P0361526,A0142   00843,1,4,2,1,2,9,9
P0357654,D0210H A00029,1,11,4,2,5,9,9
P0357619,M0125G B00008,1,2,1,7,1,3,3
CZW205846,061032  00002,2,6,15,5,9,2,2
CSW206872,054040  00027,1,6,8,11,4,2,2
CSW206873,054040  00026,1,6,8,11,4,2,2
M0723598,044121  00018,1,6,7,11,4,2,2
CSW205249,044061  00073,1,6,7,11,4,2,2
M0725140,081092  00014,2,16,13,8,8,8,8
M0749540,088017  00042,1,5,1,3,1,3,3
E0722082,072109  00011,1,5,1,3,1,4,4
M0730036,072109  00011,1,5,1,3,1,4,4
M0730036,072109  00011,1,5,1,3,1,4,4
CZW4600576,053073  00021,1,5,1,3,1,2,2
P0357963,A0142I D00009,1,4,2,1,2,9,9
W026585,D0255F H00032,2,16,13,8,7,8,8
B1111211,D0119   00360,1,4,2,1,2,9,9
E0718159,088017  00042,1,5,1,3,1,3,3
M0747750,A0142I D00009,1,4,2,1,2,9,9
E0730650,G0231Q B00042,1,17,9,6,8,1,1
C2010602,053050  00018,1,5,1,3,1,2,2
C04624230,091050  00035,1,15,9,6,5,1,1
CB200229,067019  00033,2,16,8,5,7,2,2
M0749568,A0141B B00027,1,4,2,1,2,9,9
M0751925,G0231Q B00042,1,17,9,6,8,1,1
M0746142,041034  00092,1,1,7,11,9,7,7
P0344813,058094  00028,2,16,15,5,7,2,2
C2010373,D0116   00138,1,4,2,7,2,3,3
M0714989,091081  00001,1,15,9,6,5,1,1
CSW206710,063056  00022,1,6,8,11,4,2,2
S0108745,070030  00051C,1,2,1,7,1,4,4
E0718499,091080  00005,1,15,9,6,5,1,1
E0730366,079133  00014,2,10,11,9,6,5,5
E0718503,091081  00001,1,15,9,6,5,1,1
CSW206686,044136  00038,1,6,7,11,4,2,2
E0727746,020091  00002C,1,1,6,4,3,7,7
M0749530,055032  00004,1,6,7,11,4,2,2
M0749530,055032  00004,1,6,7,11,4,2,2
CB200239,093511 B00014,2,16,13,8,7,8,8
CZW4640254,076088 C00037,2,10,10,10,6,10,10
M0751805,079133  00014,2,10,11,9,6,5,5
S0108751,070030  00051C,1,2,1,7,1,4,4
C2010528,091113  00002,1,15,9,6,5,1,1
E0730361,093507 E00007,2,16,13,8,7,8,8
M0751806,093507 E00007,2,16,13,8,7,8,8
C2010605,093511 B00087,2,16,13,8,7,8,8
E0733723,073017  00195,2,16,11,9,7,5,5
CZW195067,059016  00165,2,10,15,5,7,2,2
M0757591,042042  00022,1,6,7,11,9,2,2
P0360249,D0223I A00020,1,17,9,6,5,1,8
P0360249,D0223I A00020,1,17,9,6,5,1,8
P0360249,D0223I A00020,1,17,9,6,5,1,8
P0355350,D0130   00457,1,4,2,1,2,9,9
E0732625,L0150B A00055,1,4,4,1,2,9,9
M0737713,D0130   00457,1,4,2,1,2,9,9
C2010527,091113  00003,1,15,9,6,5,1,1
S0108752,070030  00051C,1,2,1,7,1,4,4
E0736514,L0150   00343C,1,4,2,1,2,9,9
CWZ188298,075171  00122,2,10,10,10,6,10,10
C2010526,091113  00004C,1,15,9,6,5,1,1
P0350713,A0152G A00024,1,4,2,2,2,9,9
C2010524,091113  00007,1,15,9,6,5,1,1
C2010574,031027  00041,2,10,15,5,9,7,7
CZW0206679,052041  00023,1,6,7,11,9,2,2
E0730825,073017  00195,2,16,11,9,7,5,5
E0733719,073017  00195,2,16,11,9,7,5,5
E0733718,073017  00195,2,16,11,9,7,5,5
E0708419,065032  00020,2,6,8,5,4,2,2
E0733716,073017  00195,2,16,11,9,7,5,5
E0730826,073017  00195,2,16,11,9,7,5,5
M0744216,093508 C00032,2,16,13,8,7,8,8
E0730827,073017  00195,2,16,11,9,7,5,5
E0733717,073017  00195,2,16,11,9,7,5,5
E0737098,036043  00005,1,1,7,11,9,7,7
C2010522,091113  00009,1,15,9,6,5,1,1
CZW201497,D0147S A00050,1,5,2,7,1,3,3
C2010519,091113  00011,1,15,9,6,5,1,1
C2010523,091113  00008,1,15,9,6,5,1,1
C2010521,056034  00034,1,6,8,5,4,2,2
CZW4847562,088030  00083,1,5,1,3,1,3,3
E0730828,073017  00195,2,16,11,9,7,5,5
M0756115,060062  00016,2,10,15,10,6,7,7
C2010603,D0255   00240,2,16,13,8,7,5,5
E0727758,G0231   00457,1,17,9,6,8,1,1
S0108747,060043  00001,2,10,15,10,6,7,7
S0108746,060043  00001,2,10,15,10,6,7,7
E0730826,073017  00195,2,16,11,9,7,5,5
E0718158,D0214X F00065,1,15,4,2,5,1,1
E0730825,073017  00195,2,16,11,9,7,5,5
E0730827,073017  00195,2,16,11,9,7,5,5
E0730828,073017  00195,2,16,11,9,7,5,5
B1117229,D0110   00066,1,4,2,1,2,9,9
B1117229,D0110   00066,1,4,2,1,2,9,9
P0360940,085017  00059,1,5,2,3,1,3,3
M0749539,D0214X F00065,1,15,4,2,5,1,1
E0681463,G0219   00309,2,17,9,6,7,1,1
CZW206970,063072  00025,1,6,8,11,4,2,2
CZW0206681,037023  00004,1,6,7,11,9,2,2
CZW0206683,037040  00083C,1,6,7,11,9,2,2
CZW0206687,055001  00085,1,6,7,11,4,2,2
C04581386,086025  00006,1,5,2,3,1,3,3
CZW205391,043009  00066,1,5,7,3,9,2,2
CZW206973,068001  00012,1,6,8,11,4,2,2
CZW206974,063072  00019,1,6,8,11,4,2,2
CZW4755094,072040  00006,1,2,1,7,1,4,4
SC006165,077046  00060,2,10,10,10,6,10,10
CZW210546,066058  00001,2,16,8,5,7,2,2
CZW211357,D0256R B00068,2,16,13,8,8,8,8
CSW0206635,043092  00023,1,6,7,11,4,2,2
CSW0206634,043092  00023,1,6,7,11,4,2,2
CSW0206631,053017  00012,1,6,7,11,4,2,2
CSW0206629,053018  00085,1,6,7,11,4,2,2
E0689516,002057  00009,2,1,6,4,3,7,7
E0689516,002057  00009,2,1,6,4,3,7,7
CZW209511,058056  00032,2,6,8,5,4,2,2
C2010559,D0127V B00014,1,4,2,7,2,3,3
C2010559,D0127V B00014,1,4,2,7,2,3,3
CSW0206622,053060  00010,1,6,8,11,4,2,2
E0732622,D0223I A00007,1,17,9,6,5,1,8
C2010585,079014  00023,2,10,11,9,6,5,5
C2010585,079014  00023,2,10,11,9,6,5,5
CZW209509,D0209A C00010,1,11,4,2,5,1,1
SC006161,060092  00007,2,10,15,5,6,7,7
E0710112,,2,16,13,8,7,5,5
E0710109,,2,16,13,8,7,5,5
E0710113,,2,6,7,5,4,2,2
B1117216,057009  00064,2,6,7,5,4,2,2
E0737413,G0219B D00006,2,17,9,6,7,1,1
P0360248,L0151E A00010,1,4,2,1,2,9,9
P0360248,L0151E A00010,1,4,2,1,2,9,9
M0739506,L0151E A00006,1,4,2,1,2,9,9
P0360248,L0151E A00010,1,4,2,1,2,9,9
M0742758,070042  00062,1,2,1,7,1,4,4
P0361900,031018  00041,2,10,15,5,9,7,7
M0747111,070042  00062,1,2,1,7,1,4,4
M0747110,070042  00062,1,2,1,7,1,4,4
M0747109,070042  00062,1,2,1,7,1,4,4
M0703299,G0220   00155,1,17,9,6,8,1,1
E0737055,073017  00195,2,16,11,9,7,5,5
E0737040,073017  00195,2,16,11,9,7,5,5
E0737041,073017  00195,2,16,11,9,7,5,5
P0354426,037011  00035,1,6,7,11,9,2,2
M0753261,037011  00035,1,6,7,11,9,2,2
P0355444,070042  00062,1,2,1,7,1,4,4
B1112153,001042  00006,1,1,6,4,3,7,7
E0710110,093500  00486,2,16,13,8,7,5,5
P0358437,037011  00037,1,6,7,11,9,2,2
E0737100,093200  00375,2,17,13,8,7,5,5
E0734669,001042  00006,1,1,6,4,3,7,7
M0753260,037011  00035,1,6,7,11,9,2,2
P0360096,001042  00006,1,1,6,4,3,7,7
B1119086,G0231   00467,1,17,9,6,8,1,1
P0355445,070042  00062,1,2,1,7,1,4,4
P0355446,070042  00062,1,2,1,7,1,4,4
E0734670,001042  00006,1,1,6,4,3,7,7
CZW4850774,089025  00036,1,5,4,2,5,1,1
C2010541,089025  00248,1,5,4,2,5,1,1
SC006167,D0242   00444,2,16,13,8,8,8,8
SC006155,093417 L00001,2,16,11,9,7,5,5
CZW211526,058149  00011,2,16,15,5,7,2,2
C2010544,D0215X B00001,1,11,4,2,5,1,1
CZW205714,055067  00055,1,6,7,11,4,2,2
CZW188544,093500  00121,2,16,13,8,7,5,5
CZW210546,066058  00001,2,16,8,5,7,2,2
C2010529,055069  00036C,1,6,7,11,4,2,2
CZW204671,066032  00015,2,16,8,5,7,2,2
SC006156,073030  00015C,2,16,11,9,7,5,5
CE2000114,M0115   00107,1,2,2,7,1,3,3
SC005876,089022  00006,1,15,4,2,5,1,1
C1910495,015027  00002,2,10,7,5,9,7,7
SC005852,073040  00024C,2,16,11,9,7,5,5
C1910486,,2,10,10,10,6,7,7
C1910476,050051  00010,2,10,10,10,6,7,7
C1910477,050054  00001C,2,10,10,10,6,7,7
C1910473,024038  00001,2,10,10,10,6,7,7
C1910370,,2,10,10,10,6,7,7
SC005863,089022  00006,1,15,4,2,5,1,1
SC005862,089022  00006,1,15,4,2,5,1,1
C04759240,074014  00022C,2,16,11,9,7,5,5
SC005877,089022  00006,1,15,4,2,5,1,1
SC005864,089022  00006,1,15,4,2,5,1,1
SC005875,089022  00006,1,15,4,2,5,1,1
SC005874,089022  00006,1,15,4,2,5,1,1
SC005878,089022  00006,1,15,4,2,5,1,1
SC005872,089022  00006,1,15,4,2,5,1,1
SC005871,089022  00006,1,15,4,2,5,1,1
SC005870,089022  00006,1,15,4,2,5,1,1
SC005869,089022  00006,1,15,4,2,5,1,1
SC005866,089022  00006,1,15,4,2,5,1,1
SC005865,089022  00006,1,15,4,2,5,1,1
SC005852,089022  00006,1,15,4,2,5,1,1
C1910296,060104  00020,2,10,15,5,9,7,7
C1910314,042028  00036,1,5,7,3,9,2,2
C1910311,041042  00006,1,5,7,3,9,2,2
C1910310,041001  00197,1,2,7,3,9,7,7
C1910305,021065  00008,1,2,7,3,9,7,7
SC005850,021051  00053C,1,2,6,4,3,7,7
C1910304,021048  00019,1,2,6,4,3,7,7
C1910308,027013  00005,1,2,6,4,3,7,7
C1910307,022032  00030,1,1,6,4,3,7,7
C1910306,022028  00014,1,1,6,4,3,7,7
C1910318,043018  00043C,1,5,7,3,9,2,2
C1910302,001055  00003,1,1,6,4,3,7,7
C1910315,042056  00001C,1,5,7,3,9,2,2
CB200179,096516 H00039,1,11,4,2,5,9,9
C1910297,050089  00006,2,10,10,10,6,7,7
C1910290,026007  00003,2,10,6,10,6,7,7
C1910291,026076  00002,2,10,6,10,6,7,7
C1910288,051013  00004,1,1,6,4,3,7,7
SC005822,050018  00006,2,10,10,10,6,7,7
C1910285,060148  00093,2,10,15,5,6,7,7
C1910358,042029  00044,1,5,7,3,9,2,2
C1910303,001079  00001,1,1,6,4,3,7,7
C1910353,024038  00024,2,10,10,10,6,7,7
C1910361,042051  00001,1,5,7,3,9,2,2
C1910360,042049  00038,1,5,7,3,9,2,2
C1910363,052025  00003,1,6,7,11,9,2,2
C1910483,052026  00001,1,6,7,11,9,2,2
C2010479,081024  00040,2,17,9,6,7,1,1
CB190034,075027  00022C,2,10,10,10,6,10,10
C1910355,011017  00002,2,1,6,4,3,7,7
C04682502,044090  00061,1,6,7,11,4,2,2
C1910313,041046  00014C,1,5,7,3,9,2,2
C1910354,024040  00017,2,10,10,10,6,7,7
C1910317,043016  00014,1,5,7,3,9,2,2
C1910448,011037  00015,2,1,6,4,3,7,7
C1910449,013035  00010,2,1,6,4,3,7,7
C1910475,024046  00014,2,10,10,10,6,7,7
C1910450,011037  00025,2,1,6,4,3,7,7
C1910352,024036  00001,2,10,6,10,6,7,7
C1910447,011035  00007,2,1,6,4,3,7,7
C1910446,011034  00001,2,1,6,4,3,7,7
C1910343,039046  00001C,1,2,6,4,3,7,7
C1910345,040001  00093,1,2,6,4,3,7,7
C1910351,012058  00010C,2,10,6,10,6,7,7
C1910350,012058  00010C,2,10,6,10,6,7,7
SC006058,076013  00065,2,10,10,10,6,10,10
C2010273,073051  00001,2,16,11,9,7,5,5
CZW201131,088001  00010,1,5,1,3,1,3,3
C1910420,082044  00011,2,10,10,10,6,10,10
C1910421,082052  00087,2,10,10,10,6,10,10
C1910422,082071  00103,2,10,10,10,6,10,10
C1910390,075001  00042,2,10,10,10,6,10,10
C1910418,075154  00022,2,10,10,10,6,10,10
C04501738,081093  00026,2,16,13,8,8,8,8
C1910424,050119  00036,2,10,10,10,6,10,10
C1910399,079032  00055,2,10,11,9,6,5,5
C1910293,050119  00060,2,10,10,10,6,10,10
C1910423,050119  00056,2,10,10,10,6,10,10
C1910274,060222  00171,2,10,11,9,6,5,5
C2010351,054040  00041,1,6,8,11,4,2,2
C1910419,075155  00001,2,10,10,10,6,10,10
C1910294,060229  00005,2,10,10,10,6,10,10
C1910295,078004  00038,2,10,11,9,6,5,5
C1910415,075105  00063,2,16,11,9,7,5,5
C1910416,075147  00011,2,10,10,10,6,10,10
C1910417,075147  00012,2,10,10,10,6,10,10
C1910281,060222  00173,2,10,11,9,6,5,5
C2010399,071046  00028,1,2,1,3,1,4,4
C04535452,072058  00032,1,2,1,7,1,4,4
C04535452,072058  00032,1,2,1,7,1,4,4
C2010289,021094  00002,1,1,7,11,9,7,7
C2010289,021094  00002,1,1,7,11,9,7,7
SC006053,093700  00528,2,16,13,8,7,5,5
SC006053,093700  00528,2,16,13,8,7,5,5
C1910746,090062  00044,1,2,1,3,1,3,3
C2010399,071046  00028,1,2,1,3,1,4,4
C2010416,059091  00009,2,10,15,5,7,2,2
C1910215,039038  00034,1,2,1,7,1,4,4
C1910746,090062  00044,1,2,1,3,1,3,3
SC005826,093400  00291,2,16,11,9,7,5,5
SC006157,093520 A00010C,2,16,13,8,7,5,5
C04074872,077068  00015,2,10,10,10,6,10,10
C04074872,077068  00015,2,10,10,10,6,10,10
CSW109004,075099  00033,2,10,10,10,6,10,10
SC005779,075099  00033,2,10,10,10,6,10,10
C1910215,039038  00034,1,2,1,7,1,4,4
C04777446,073010  00004,2,16,11,9,7,5,5
C1911270,073010  00004,2,16,11,9,7,5,5
C04777446,073010  00004,2,16,11,9,7,5,5
C1911270,073010  00004,2,16,11,9,7,5,5
CP190070,050086  00009C,2,10,10,10,6,7,7
SC005939,033011  00053C,1,6,7,11,9,2,2
CSW109004,075099  00033,2,10,10,10,6,10,10
SC005939,033011  00053C,1,6,7,11,9,2,2
CZW171618,082062  00115,2,10,10,10,6,10,10
CZW171618,082062  00115,2,10,10,10,6,10,10
C2010015,087051  00115,1,5,1,3,1,3,3
C2010015,087051  00115,1,5,1,3,1,3,3
C2010024,058085  00003,2,16,15,5,7,2,2
C2010024,058085  00003,2,16,15,5,7,2,2
C04454618,011037  00001C,2,1,6,4,3,7,7
C04454618,011037  00001C,2,1,6,4,3,7,7
C2010416,059091  00009,2,10,15,5,7,2,2
C1910461,060076  00035,2,10,15,10,6,7,7
C1910495,015027  00002,2,10,7,5,9,7,7
C1910495,015027  00002,2,10,7,5,9,7,7
C2010486,031041  00003,2,10,7,5,9,7,7
C2010486,031041  00003,2,10,7,5,9,7,7
SC005987,059072  00009,2,6,15,5,9,2,2
SC005987,059072  00009,2,6,15,5,9,2,2
C2010285,074014  00022C,2,16,11,9,7,5,5
C2010285,074014  00022C,2,16,11,9,7,5,5
CZW193305,D0127   00226,1,4,2,7,2,3,3
CZW193822,D0127   00226,1,4,2,7,2,3,3
C1910461,060076  00035,2,10,15,10,6,7,7
C2010227,031101  00002,2,10,15,5,9,7,7
C2010227,031101  00002,2,10,15,5,9,7,7
C2010137,079009  00048,2,10,11,9,6,5,5
SC005838,075008  00003,2,10,10,10,6,10,10
SC005846,050119  00036,2,10,10,10,6,10,10
SC006139,093417 K00016,2,16,11,9,7,5,5
SC005845,082071  00103,2,10,10,10,6,10,10
SC005844,082052  00087,2,10,10,10,6,10,10
SC005841,075154  00022,2,10,10,10,6,10,10
SC005842,075105  00063,2,16,11,9,7,5,5
C2010071,D0138   00180,1,2,2,7,2,3,3
C1911231,070088  00016,1,2,1,7,1,4,4
SC005087,073017  00215,2,16,11,9,7,5,5
C1910164,069008  00036C,1,2,1,7,1,4,4
SC005599,055001  00005,1,6,7,11,4,2,2
SC005599,055001  00005,1,6,7,11,4,2,2
C1911231,070088  00016,1,2,1,7,1,4,4
C1910164,069008  00036C,1,2,1,7,1,4,4
C1911288,075171  00109,2,10,10,10,6,10,10
C2010071,D0138   00180,1,2,2,7,2,3,3
C1911288,075171  00109,2,10,10,10,6,10,10
CB160126,047066  00011,2,6,15,5,9,2,2
CB190245,D0134  M00005,1,2,1,7,1,4,4
CE2000118,096516 H00039,1,11,4,2,5,9,9
CB190086,D0134W C00020,1,2,1,7,1,4,4
C2010025,058155  00003,2,16,15,5,7,2,2
C2010025,058155  00003,2,16,15,5,7,2,2
C1911013,038041  00039,1,6,7,11,4,2,2
C1911013,038041  00039,1,6,7,11,4,2,2
SC005087,073017  00215,2,16,11,9,7,5,5
SC005631,007031  00018,2,1,6,4,3,7,7
SC006043,069031  00054C,1,2,1,7,1,4,4
SC006050,071013  00034,1,2,1,7,1,4,4
SC006040,077004  00010,2,10,10,10,6,10,10
SC006055,071014  00033,1,2,1,7,1,4,4
CBW177441,D0222   00178,1,11,9,6,5,1,1
SC005896,078004  00044,2,10,11,9,6,5,5
C2010561,043080  00016,1,5,1,3,1,2,2
SC005843,075147  00012,2,10,10,10,6,10,10
C2010476,D0255G H00054,2,16,13,8,7,8,8
C2010192,D0147O G00089,1,5,2,7,1,3,3
C1910211,083021  00086,1,5,1,3,1,3,3
C1910211,083021  00086,1,5,1,3,1,3,3
C1810338,088064  00016,1,5,1,3,1,2,2
C1810338,088064  00016,1,5,1,3,1,2,2
CB190215,046035  00011,2,6,8,5,4,2,2
CZW158581,060107  00028,2,10,15,5,6,7,7
CZW158584,060107  00030,2,10,15,5,6,7,7
CZW158584,060107  00030,2,10,15,5,6,7,7
C1910332,060076  00035,2,10,15,10,6,7,7
CB200149,033031  00002,1,6,7,11,9,2,2
CB200149,033031  00002,1,6,7,11,9,2,2
CBW98434,D0134   00072,1,2,1,7,1,4,4
C1910332,060076  00035,2,10,15,10,6,7,7
CB190245,D0134  M00005,1,2,1,7,1,4,4
C1910330,060071  00015,2,10,15,10,6,7,7
C1910325,060053  00040,2,10,15,10,6,7,7
C1911178,013033  00025C,2,10,6,10,6,7,7
C1911178,013033  00025C,2,10,6,10,6,7,7
C1012285,059034  00028,2,10,15,5,7,2,2
CZW178980,031110  00001,2,10,15,5,9,7,7
CB200028,059057  00003C,2,6,15,5,9,2,2
CSW206847,063071  00020,1,6,8,11,4,2,2
CZW208864,065050  00024C,2,6,8,5,4,2,2
CZW210987,020076  00032,1,1,7,11,9,7,7
CZW4657224,063048  00006,1,6,8,11,4,2,2
CZW210997,058011  00039,2,10,15,5,7,2,2
CZW209350,080008 C00081,1,15,9,6,5,1,1
SC006168,012028  00016C,2,10,6,10,6,7,7
C04781616,075019  00017,2,10,10,10,6,10,10
C2010544,D0215X B00001,1,11,4,2,5,1,1
CB200234,G0232   00190,2,16,13,8,8,8,8
C04773148,067065  00001,2,16,8,5,7,2,2
CZW206865,055069  00033,1,6,7,11,4,2,2
CZW193610,D0214   00479,1,15,4,2,5,1,1
CP200037,031052  00010,2,10,7,5,9,7,7
SC006021,058001  00015,2,6,8,5,4,2,2
CZW193388,085002  00057,1,2,1,3,1,3,3
C1911023,088040 D00021,1,5,1,3,1,2,2
C1911023,088040 D00021,1,5,1,3,1,2,2
SC006021,058001  00015,2,6,8,5,4,2,2
SC006021,058001  00015,2,6,8,5,4,2,2
CSW0206678,052041  00022,1,6,7,11,9,2,2
C1911252,,2,10,10,10,6,7,7
C1911252,,2,10,10,10,6,7,7
C2010153,,,,,,,,
C2010153,,,,,,,,
SC005400,,2,10,11,9,6,5,5
SC005400,,2,10,11,9,6,5,5
CB190056,085016  00051,1,5,2,3,1,3,3
CB200218,068006  00060,1,6,8,11,4,2,2
C04581760,038094  00006,1,6,7,11,4,2,2
C2010157,,,,,,,,
C2010058,054017  00028,1,6,8,11,4,2,2
C04581760,038094  00006,1,6,7,11,4,2,2
C2010058,054017  00028,1,6,8,11,4,2,2
C2010157,,,,,,,,
C2010590,D0134  E00048,1,2,1,7,1,4,4
CB190037,D0134  D00072,1,2,1,7,1,4,4
C2010587,020076  00075,1,1,7,11,9,7,7
CZW0209957,D0242J E00007,2,16,13,8,8,8,8
